{
    "move_accuracy": {
        "(1, 1)": 1.0,
        "(1, 10)": 1.0,
        "(1, 11)": 1.0,
        "(1, 2)": 1.0,
        "(1, 3)": 1.0,
        "(1, 4)": 1.0,
        "(1, 5)": 1.0,
        "(1, 7)": 0.0,
        "(1, 8)": 1.0,
        "(1, 9)": 1.0,
        "(2, 3)": 1.0,
        "(2, 9)": 1.0,
        "(3, 3)": 1.0,
        "(3, 9)": 1.0,
        "(4, 3)": 0.0,
        "(4, 9)": 1.0,
        "(5, 3)": 0.0,
        "(5, 4)": 1.0,
        "(5, 5)": 0.0,
        "(5, 6)": 1.0,
        "(5, 7)": 1.0,
        "(5, 8)": 1.0,
        "(5, 9)": 1.0,
        "(6, 6)": 1.0,
        "(7, 6)": 1.0,
        "avg_accuracy": 0.84
    },
    "reward_eval": {
        "(1, 1)": {
            "done": {
                "max": 1.0,
                "mean": 1.0,
                "min": 1.0,
                "std": 0.0
            },
            "length": {
                "max": 101.0,
                "mean": 101.0,
                "min": 101.0,
                "std": 0.0
            },
            "reward": {
                "max": -101.0,
                "mean": -101.0,
                "min": -101.0,
                "std": 0.0
            }
        },
        "(1, 10)": {
            "done": {
                "max": 1.0,
                "mean": 1.0,
                "min": 1.0,
                "std": 0.0
            },
            "length": {
                "max": 11.0,
                "mean": 11.0,
                "min": 11.0,
                "std": 0.0
            },
            "reward": {
                "max": -10.0,
                "mean": -10.0,
                "min": -10.0,
                "std": 0.0
            }
        },
        "(1, 11)": {
            "done": {
                "max": 1.0,
                "mean": 1.0,
                "min": 1.0,
                "std": 0.0
            },
            "length": {
                "max": 13.0,
                "mean": 12.03125,
                "min": 12.0,
                "std": 0.17399263633843817
            },
            "reward": {
                "max": -11.0,
                "mean": -11.03125,
                "min": -12.0,
                "std": 0.17399263381958008
            }
        },
        "(1, 2)": {
            "done": {
                "max": 1.0,
                "mean": 1.0,
                "min": 1.0,
                "std": 0.0
            },
            "length": {
                "max": 101.0,
                "mean": 101.0,
                "min": 101.0,
                "std": 0.0
            },
            "reward": {
                "max": -101.0,
                "mean": -101.0,
                "min": -101.0,
                "std": 0.0
            }
        },
        "(1, 3)": {
            "done": {
                "max": 1.0,
                "mean": 1.0,
                "min": 1.0,
                "std": 0.0
            },
            "length": {
                "max": 101.0,
                "mean": 101.0,
                "min": 101.0,
                "std": 0.0
            },
            "reward": {
                "max": -101.0,
                "mean": -101.0,
                "min": -101.0,
                "std": 0.0
            }
        },
        "(1, 4)": {
            "done": {
                "max": 1.0,
                "mean": 1.0,
                "min": 1.0,
                "std": 0.0
            },
            "length": {
                "max": 101.0,
                "mean": 101.0,
                "min": 101.0,
                "std": 0.0
            },
            "reward": {
                "max": -101.0,
                "mean": -101.0,
                "min": -101.0,
                "std": 0.0
            }
        },
        "(1, 5)": {
            "done": {
                "max": 1.0,
                "mean": 1.0,
                "min": 1.0,
                "std": 0.0
            },
            "length": {
                "max": 101.0,
                "mean": 101.0,
                "min": 101.0,
                "std": 0.0
            },
            "reward": {
                "max": -101.0,
                "mean": -101.0,
                "min": -101.0,
                "std": 0.0
            }
        },
        "(1, 7)": {
            "done": {
                "max": 1.0,
                "mean": 1.0,
                "min": 1.0,
                "std": 0.0
            },
            "length": {
                "max": 12.0,
                "mean": 12.0,
                "min": 12.0,
                "std": 0.0
            },
            "reward": {
                "max": -11.0,
                "mean": -11.0,
                "min": -11.0,
                "std": 0.0
            }
        },
        "(1, 8)": {
            "done": {
                "max": 1.0,
                "mean": 1.0,
                "min": 1.0,
                "std": 0.0
            },
            "length": {
                "max": 11.0,
                "mean": 11.0,
                "min": 11.0,
                "std": 0.0
            },
            "reward": {
                "max": -10.0,
                "mean": -10.0,
                "min": -10.0,
                "std": 0.0
            }
        },
        "(1, 9)": {
            "done": {
                "max": 1.0,
                "mean": 1.0,
                "min": 1.0,
                "std": 0.0
            },
            "length": {
                "max": 10.0,
                "mean": 10.0,
                "min": 10.0,
                "std": 0.0
            },
            "reward": {
                "max": -9.0,
                "mean": -9.0,
                "min": -9.0,
                "std": 0.0
            }
        },
        "(2, 3)": {
            "done": {
                "max": 1.0,
                "mean": 1.0,
                "min": 1.0,
                "std": 0.0
            },
            "length": {
                "max": 101.0,
                "mean": 101.0,
                "min": 101.0,
                "std": 0.0
            },
            "reward": {
                "max": -101.0,
                "mean": -101.0,
                "min": -101.0,
                "std": 0.0
            }
        },
        "(2, 9)": {
            "done": {
                "max": 1.0,
                "mean": 1.0,
                "min": 1.0,
                "std": 0.0
            },
            "length": {
                "max": 9.0,
                "mean": 9.0,
                "min": 9.0,
                "std": 0.0
            },
            "reward": {
                "max": -8.0,
                "mean": -8.0,
                "min": -8.0,
                "std": 0.0
            }
        },
        "(3, 3)": {
            "done": {
                "max": 1.0,
                "mean": 1.0,
                "min": 1.0,
                "std": 0.0
            },
            "length": {
                "max": 101.0,
                "mean": 101.0,
                "min": 101.0,
                "std": 0.0
            },
            "reward": {
                "max": -101.0,
                "mean": -101.0,
                "min": -101.0,
                "std": 0.0
            }
        },
        "(3, 9)": {
            "done": {
                "max": 1.0,
                "mean": 1.0,
                "min": 1.0,
                "std": 0.0
            },
            "length": {
                "max": 8.0,
                "mean": 8.0,
                "min": 8.0,
                "std": 0.0
            },
            "reward": {
                "max": -7.0,
                "mean": -7.0,
                "min": -7.0,
                "std": 0.0
            }
        },
        "(4, 3)": {
            "done": {
                "max": 1.0,
                "mean": 1.0,
                "min": 1.0,
                "std": 0.0
            },
            "length": {
                "max": 101.0,
                "mean": 101.0,
                "min": 101.0,
                "std": 0.0
            },
            "reward": {
                "max": -101.0,
                "mean": -101.0,