{
    "move_accuracy": {
        "(1, 1)": 1.0,
        "(1, 10)": 1.0,
        "(1, 11)": 1.0,
        "(1, 2)": 0.0,
        "(1, 3)": 0.0,
        "(1, 4)": 1.0,
        "(1, 5)": 1.0,
        "(1, 7)": 1.0,
        "(1, 8)": 0.0,
        "(1, 9)": 0.0,
        "(2, 3)": 1.0,
        "(2, 9)": 1.0,
        "(3, 3)": 1.0,
        "(3, 9)": 1.0,
        "(4, 3)": 1.0,
        "(4, 9)": 1.0,
        "(5, 3)": 0.0,
        "(5, 4)": 0.0,
        "(5, 5)": 0.0,
        "(5, 6)": 0.0,
        "(5, 7)": 1.0,
        "(5, 8)": 1.0,
        "(5, 9)": 1.0,
        "(6, 6)": 1.0,
        "(7, 6)": 1.0,
        "avg_accuracy": 0.68
    },
    "reward_eval": {
        "(1, 1)": {
            "done": {
                "max": 1.0,
                "mean": 1.0,
                "min": 1.0,
                "std": 0.0
            },
            "length": {
                "max": 101.0,
                "mean": 99.3125,
                "min": 73.0,
                "std": 6.540439109876339
            },
            "reward": {
                "max": -72.0,
                "mean": -99.25,
                "min": -101.0,
                "std": 6.78233003616333
            }
        },
        "(1, 10)": {
            "done": {
                "max": 1.0,
                "mean": 1.0,
                "min": 1.0,
                "std": 0.0
            },
            "length": {
                "max": 101.0,
                "mean": 88.15625,
                "min": 20.0,
                "std": 22.198126856505258
            },
            "reward": {
                "max": -19.0,
                "mean": -87.78125,
                "min": -101.0,
                "std": 22.56204605102539
            }
        },
        "(1, 11)": {
            "done": {
                "max": 1.0,
                "mean": 1.0,
                "min": 1.0,
                "std": 0.0
            },
            "length": {
                "max": 101.0,
                "mean": 95.1875,
                "min": 23.0,
                "std": 16.008664646059646
            },
            "reward": {
                "max": -22.0,
                "mean": -95.03125,
                "min": -101.0,
                "std": 16.316181182861328
            }
        },
        "(1, 2)": {
            "done": {
                "max": 1.0,
                "mean": 1.0,
                "min": 1.0,
                "std": 0.0
            },
            "length": {
                "max": 101.0,
                "mean": 95.4375,
                "min": 39.0,
                "std": 15.6243749874995
            },
            "reward": {
                "max": -38.0,
                "mean": -95.3125,
                "min": -101.0,
                "std": 15.936274528503418
            }
        },
        "(1, 3)": {
            "done": {
                "max": 1.0,
                "mean": 1.0,
                "min": 1.0,
                "std": 0.0
            },
            "length": {
                "max": 101.0,
                "mean": 98.28125,
                "min": 41.0,
                "std": 11.23675435512853
            },
            "reward": {
                "max": -40.0,
                "mean": -98.1875,
                "min": -101.0,
                "std": 11.457633018493652
            }
        },
        "(1, 4)": {
            "done": {
                "max": 1.0,
                "mean": 1.0,
                "min": 1.0,
                "std": 0.0
            },
            "length": {
                "max": 101.0,
                "mean": 94.3125,
                "min": 43.0,
                "std": 15.375381092837992
            },
            "reward": {
                "max": -42.0,
                "mean": -94.125,
                "min": -101.0,
                "std": 15.729649543762207
            }
        },
        "(1, 5)": {
            "done": {
                "max": 1.0,
                "mean": 1.0,
                "min": 1.0,
                "std": 0.0
            },
            "length": {
                "max": 101.0,
                "mean": 91.03125,
                "min": 37.0,
                "std": 19.590310702934243
            },
            "reward": {
                "max": -36.0,
                "mean": -90.75,
                "min": -101.0,
                "std": 19.957767486572266
            }
        },
        "(1, 7)": {
            "done": {
                "max": 1.0,
                "mean": 1.0,
                "min": 1.0,
                "std": 0.0
            },
            "length": {
                "max": 101.0,
                "mean": 87.90625,
                "min": 27.0,
                "std": 20.978202042536914
            },
            "reward": {
                "max": -26.0,
                "mean": -87.53125,
                "min": -101.0,
                "std": 21.37022590637207
            }
        },
        "(1, 8)": {
            "done": {
                "max": 1.0,
                "mean": 1.0,
                "min": 1.0,
                "std": 0.0
            },
            "length": {
                "max": 101.0,
                "mean": 85.9375,
                "min": 15.0,
                "std": 22.558171329919453
            },
            "reward": {
                "max": -14.0,
                "mean": -85.53125,
                "min": -101.0,
                "std": 22.956459045410156
            }
        },
        "(1, 9)": {
            "done": {
                "max": 1.0,
                "mean": 1.0,
                "min": 1.0,
                "std": 0.0
            },
            "length": {
                "max": 101.0,
                "mean": 83.78125,
                "min": 28.0,
                "std": 24.4063700381171
            },
            "reward": {
                "max": -27.0,
                "mean": -83.3125,
                "min": -101.0,
                "std": 24.783357620239258
            }
        },
        "(2, 3)": {
            "done": {
                "max": 1.0,
                "mean": 1.0,
                "min": 1.0,
                "std": 0.0
            },
            "length": {
                "max": 101.0,
                "mean": 93.96875,
                "min": 17.0,
                "std": 18.04765285120201
            },
            "reward": {
                "max": -16.0,
                "mean": -93.75,
                "min": -101.0,
                "std": 18.354154586791992
            }
        },
        "(2, 9)": {
            "done": {
                "max": 1.0,
                "mean": 1.0,
                "min": 1.0,
                "std": 0.0
            },
            "length": {
                "max": 101.0,
                "mean": 86.84375,
                "min": 37.0,
                "std": 22.83378715713843
            },
            "reward": {
                "max": -36.0,
                "mean": -86.5,
                "min": -101.0,
                "std": 23.241933822631836
            }
        },
        "(3, 3)": {
            "done": {
                "max": 1.0,
                "mean": 1.0,
                "min": 1.0,
                "std": 0.0
            },
            "length": {
                "max": 101.0,
                "mean": 89.25,
                "min": 20.0,
                "std": 22.44437568746344
            },
            "reward": {
                "max": -19.0,
                "mean": -88.90625,
                "min": -101.0,
                "std": 22.790292739868164
            }
        },
        "(3, 9)": {
            "done": {
                "max": 1.0,
                "mean": 1.0,
                "min": 1.0,
                "std": 0.0
            },
            "length": {
                "max": 101.0,
                "mean": 85.375,
                "min": 14.0,
                "std": 24.53791708764214
            },
            "reward": {
                "max": -13.0,
                "mean": -85.0,
                "min": -101.0,